<?xml version="1.0" encoding="utf-8"?>
<layer-list xmlns:android="http://schemas.android.com/apk/res/android">
    <item>
        <color android:color="#fff" />
    </item>
    <item   android:top="350dp"
            android:left="350dp"
            android:right="350dp"
        android:bottom="350dp">
        <bitmap
            android:src="@drawable/foxlogo"
            android:gravity="center_horizontal|top"
            />
    </item>
    <item android:top="832dp" android:bottom="60dp" android:left="200dp" android:right="200dp">
        <animation-list xmlns:android="http://schemas.android.com/apk/res/android"
            android:id="@+id/splash_animation"
            android:oneshot="true">
            <item
                android:drawable="@drawable/s1"
                android:duration="1200" />
            <item
                android:drawable="@drawable/s1_1"
                android:duration="900" />
            <item
                android:drawable="@drawable/s2"
                android:duration="700" />
            <item
                android:drawable="@drawable/s2_1"
                android:duration="550" />
            <item
                android:drawable="@drawable/s3"
                android:duration="400" />
            <item
                android:drawable="@drawable/s3_1"
                android:duration="250" />
            <item
                android:drawable="@drawable/s4"
                android:duration="190" />
            <item
                android:drawable="@drawable/s4_1"
                android:duration="90" />
            <item
                android:drawable="@drawable/s5"
                android:duration="80" />
            <item
                android:drawable="@drawable/s5_1"
                android:duration="70" />
            <item
                android:drawable="@drawable/s6"
                android:duration="70" />
            <item
                android:drawable="@drawable/s6_1"
                android:duration="70" />
            <item
                android:drawable="@drawable/s7"
                android:duration="70" />
            <item
                android:drawable="@drawable/s7_1"
                android:duration="70" />
            <item
                android:drawable="@drawable/s8"
                android:duration="70" />
            <item
                android:drawable="@drawable/s8_1"
                android:duration="70" />
            <item
                android:drawable="@drawable/s9"
                android:duration="70" />
            <item
                android:drawable="@drawable/s10"
                android:duration="70" />
            <item
                android:drawable="@drawable/s11"
                android:duration="70" />
            <item
                android:drawable="@drawable/s12"
                android:duration="70" />
            <item
                android:drawable="@drawable/s13"
                android:duration="70" />
            <item
                android:drawable="@drawable/s14"
                android:duration="70" />
            <item
                android:drawable="@drawable/s15"
                android:duration="70" />
            <item
                android:drawable="@drawable/s16"
                android:duration="70" />
            <item
                android:drawable="@drawable/s17"
                android:duration="70" />
            <item
                android:drawable="@drawable/s18"
                android:duration="100" />
            <item
                android:drawable="@drawable/s19"
                android:duration="300" />
            <item
                android:drawable="@drawable/s20"
                android:duration="100" />
        </animation-list>
    </item>
</layer-list>