<?xml version="1.0" encoding="utf-8"?>
<!--
<rotate xmlns:android="http://schemas.android.com/apk/res/android"
    android:fromDegrees="0"
    android:pivotX="50%"
    android:pivotY="50%"
    android:toDegrees="360">
    <shape
        android:innerRadiusRatio="50"
        android:shape="ring"
        android:thicknessRatio="100"
        android:useLevel="false">
        <size
            android:width="1000dip"
            android:height="1000dip" />
        <gradient
            android:angle="0"
            android:endColor="#E54415"
            android:startColor="#ff9999"
            android:type="sweep"
            android:useLevel="false" />
    </shape>
</rotate>-->
<layer-list xmlns:android="http://schemas.android.com/apk/res/android">
    <item android:gravity="bottom" android:bottom="40dp" android:left="40dp" android:right="40dp">
        <shape android:shape="rectangle">
            <corners android:radius="3dp"/>
            <size android:height="5dp" />
            <solid android:color="#ffb380" />
        </shape>
    </item>
    <item android:gravity="bottom" android:bottom="40dp" android:left="40dp" android:right="220dp">
        <shape android:shape="rectangle">
            <corners android:radius="3dp"/>
            <size android:height="5dp" />
            <solid android:color="#E54415" />
        </shape>
    </item>
</layer-list>