<?xml version="1.0" encoding="utf-8"?>
<layer-list xmlns:android="http://schemas.android.com/apk/res/android">
    <item android:gravity="bottom" android:bottom="40dp" android:left="40dp" android:right="40dp">
        <shape android:shape="rectangle">
            <corners android:radius="3dp"/>
            <size android:height="5dp" />
            <solid android:color="#ffb380" />
        </shape>
    </item>
    <item android:gravity="bottom" android:bottom="40dp" android:left="40dp" android:right="55dp">
        <shape android:shape="rectangle">
            <corners android:radius="3dp"/>
            <size android:height="5dp" />
            <solid android:color="#E54415" />
        </shape>
    </item>
</layer-list>